{
  "Parameters": {
    "ConfigDir": {
      "Type": "string",
      "Description": "Configuration directory",
      "DefaultValue": ""
    }
  },
  "Modules": [
    "SitecoreUtilityTasks"
  ],
  "Variables": {
    "Config.Dir": "[parameter('ConfigDir')]"
  },
  "Tasks": {
    "EnableConfigFiles": {
      "Type": "EnableConfigFiles",
      "Params": {
        "ConfigDir": "[variable('Config.Dir')]",
        "ConfigFileList": [
          "Sitecore.Commerce.Engine.DataProvider.config"
        ]
      }
    }
  }
}