{
    "Parameters": {
        "SiteName": {
            "Type": "string",
            "Description": "The name of the site to be deployed.",
            "DefaultValue": ""
        },
        "MAEnginePrefix": {
            "Type": "string",
            "Description": "The prefix to match Marketing Automation engine service name. Used in form <MAEnginePrefix>_xconnect-MarketingAutomationService.",
            "DefaultValue": ""
        },
        "SiteHostHeaderName": {
            "Type": "string",
            "Description": "The host header name of the site to be deployed.",
            "DefaultValue": ""
        },
        "InstallDir": {
            "Type": "string",
            "Description": "The sitecore site content path.",
            "DefaultValue": ""
        },
        "XConnectInstallDir": {
            "Type": "string",
            "Description": "The sitecore xConnect site content path.",
            "DefaultValue": ""
        },
        "SiteUtilitiesSrc": {
            "Type": "string",
            "Description": "Site Utilities source path",
            "DefaultValue": ""
        },
        "SitecoreIdentityServerApplicationName": {
            "Type": "string",
            "Description": "Application name of Sitecore Identity Server in the IIS",
            "DefaultValue": ""
        },
        "SitecoreIdentityServerUrl": {
            "Type": "string",
            "Description": "Sitecore Identity Server Url.",
            "DefaultValue": ""
        },
        "CommerceEngineConnectClientId": {
            "Type": "string",
            "Description": "Commerce Engine Connect Client Id used for the Sitecore Identity Server.",
            "DefaultValue": ""
        },
        "CommerceEngineConnectClientSecret": {
            "Type": "string",
            "Description": "Commerce Engine Connect Client Secret used for the Sitecore Identity Server.",
            "DefaultValue": ""
        },
        "SkipInstallDefaultStorefront": {
            "Type": "bool",
            "Description": "Boolean value to indicate whether default storefront should be installed or not.",
            "DefaultValue": false
        },
        "SkipDeployStorefrontPackages": {
            "Type": "bool",
            "Description": "Boolean value to indicate whether tasks related to installing of storefront packages should be executed or not.",
            "DefaultValue": false
        },
        "SolrUrl": {
            "Type": "string",
            "Description": "The Solr instance url.",
            "DefaultValue": "https://localhost:8996/solr"
        },
        "SolrRoot": {
            "Type": "string",
            "Description": "The file path to the Solr instance.",
            "DefaultValue": "c:\\solr-8.8.2"
        },
        "SolrService": {
            "Type": "string",
            "Description": "The name of the Solr service.",
            "DefaultValue": "solr-8.8.2"
        },
        "SolrSchemas": {
            "Type": "string",
            "Description": "The path to Solr schemas.",
            "DefaultValue": ""
        },
        "SearchIndexPrefix": {
            "Type": "string",
            "Description": "The prefix for indexes or cores.",
            "DefaultValue": ""
        },
        "StorefrontIndexPrefix": {
            "Type": "string",
            "Description": "The prefix for the storefront indexes.",
            "DefaultValue": ""
        },
        "CommerceEngineWdpFullPath": {
            "Type": "string",
            "Description": "Commerce Engine service wdp package full path.",
            "DefaultValue": ""
        },
        "CommerceServicesDbServer": {
            "Type": "string",
            "Description": "The Commerce Engine database server name.",
            "DefaultValue": ""
        },
        "CommerceServicesDbName": {
            "Type": "string",
            "Description": "Commerce Services database name",
            "DefaultValue": ""
        },
        "CommerceServicesGlobalDbName": {
            "Type": "string",
            "Description": "The Commerce Engine global database name",
            "DefaultValue": ""
        },
        "CommerceServicesArchiveDbName": {
            "Type": "string",
            "Description": "The Commerce Engine Archive database name.",
            "DefaultValue": ""
        },
        "CommerceServicesPostfix": {
            "Type": "string",
            "Description": "The Commerce Engine postfix for services names",
            "DefaultValue": ""
        },
        "CommerceServicesHostPostfix": {
            "Type": "string",
            "Description": "The postfix for Commerce Engine services host names",
            "Validate": "[ValidatePattern('^$|^[a-z0-9]+([\\-\\.]{1}[a-z0-9]+)*\\.[a-z]{2,7}$', $_)]",
            "DefaultValue": ""
        },
        "CommerceShopsServicesPort": {
            "Type": "string",
            "Description": "CommerceShops Services Port",
            "DefaultValue": ""
        },
        "CommerceAuthoringServicesPort": {
            "Type": "string",
            "Description": "CommerceAuthoring Services Port",
            "DefaultValue": ""
        },
        "CommerceMinionsServicesPort": {
            "Type": "string",
            "Description": "CommerceMinions Services Port",
            "DefaultValue": ""
        },
        "CommerceInstallRoot": {
            "Type": "string",
            "Description": "The root path of commerce services.",
            "DefaultValue": ""
        },
        "EnvironmentsPrefix": {
            "Type": "string",
            "Description": "The prefix for the Commerce environments names.",
            "DefaultValue": ""
        },
        "Environments": {
            "Type": "string[]",
            "Description": "List of environments to initialize.",
            "DefaultValue": "[]"
        },
        "DeploySampleData": {
            "Type": "bool",
            "Description": "Whether to deploy sample data.",
            "DefaultValue": true
        },
        "MinionEnvironments": {
            "Type": "string[]",
            "Description": "List of minion environments to initialize.",
            "DefaultValue": "[]"
        },
        "EnvironmentsGuids": {
            "Type": "string[]",
            "Description": "List of environments guids.",
            "DefaultValue": "[]"
        },
        "SitecoreDbServer": {
            "Type": "string",
            "Description": "The Sitecore database server name.",
            "DefaultValue": ".\\SQLSERVER"
        },
        "SitecoreCoreDbName": {
            "Type": "string",
            "Description": "The Sitecore Core database name."
        },
        "SqlDbPrefix": {
            "Type": "string",
            "Description": "The Sitecore database prefix name.",
            "DefaultValue": ""
        },
        "SqlAdminUser": {
            "Type": "string",
            "Description": "The Sql admin user.",
            "DefaultValue": ""
        },
        "SqlAdminPassword": {
            "Type": "string",
            "Description": "The Sql admin password.",
            "DefaultValue": ""
        },
        "UserDomain": {
            "Type": "string",
            "Description": "User Domain for Commerce Services App Pool",
            "DefaultValue": "$env:COMPUTERNAME"
        },
        "UserName": {
            "Type": "string",
            "Description": "User Name for Commerce Services App Pool",
            "DefaultValue": ""
        },
        "UserPassword": {
            "Type": "string",
            "Description": "User Password for Commerce Services App Pool",
            "DefaultValue": ""
        },
        "RedisInstanceName": {
            "Type": "string",
            "Description": "Redis service instance name."
        },
        "RedisCliPath": {
            "Type": "string",
            "Description": "Path to redis-cli executable.",
            "DefaultValue": ""
        },
        "RedisHost": {
            "Type": "string",
            "Description": "The host name where Redis is hosted.",
            "DefaultValue": ""
        },
        "RedisPort": {
            "Type": "string",
            "Description": "The port number on which Redis is running.",
            "DefaultValue": ""
        },
        "HabitatImagesWdpFullPath": {
            "Type": "string",
            "Description": "Habitat Images module wdp package full path",
            "DefaultValue": ""
        },
        "AdventureWorksImagesWdpFullPath": {
            "Type": "string",
            "Description": "Adventure Works Images module wdp package full path",
            "DefaultValue": ""
        },
        "CommerceConnectWdpFullPath": {
            "Type": "string",
            "Description": "Commerce Connect module full path",
            "DefaultValue": ""
        },
        "CommercexProfilesWdpFullPath": {
            "Type": "string",
            "Description": "Commerce xProfiles module full path",
            "DefaultValue": ""
        },
        "CommercexAnalyticsWdpFullPath": {
            "Type": "string",
            "Description": "Commerce xAnalytics module full path",
            "DefaultValue": ""
        },
        "CommerceMAWdpFullPath": {
            "Type": "string",
            "Description": "Commerce Marketing Automation module full path",
            "DefaultValue": ""
        },
        "CommerceMAForAutomationEngineZIPFullPath": {
            "Type": "string",
            "Description": "Commerce Marketing Automation for AutomationEngine module full path",
            "DefaultValue": ""
        },
        "CEConnectWdpFullPath": {
            "Type": "string",
            "Description": "Commerce Engine Connect module full path",
            "DefaultValue": ""
        },
        "SXACommerceWdpFullPath": {
            "Type": "string",
            "Description": "SXA Commerce module full path",
            "DefaultValue": ""
        },
        "SXAStorefrontWdpFullPath": {
            "Type": "string",
            "Description": "SXA Storefront module full path",
            "DefaultValue": ""
        },
        "SXAStorefrontThemeWdpFullPath": {
            "Type": "string",
            "Description": "SXA Storefront Themes module full path",
            "DefaultValue": ""
        },
        "SXAStorefrontCatalogWdpFullPath": {
            "Type": "string",
            "Description": "SXA Storefront Catalog module full path",
            "DefaultValue": ""
        },
        "MergeToolFullPath": {
            "Type": "string",
            "Description": "The Merge Tool full path",
            "DefaultValue": ""
        },
        "SitecoreDomain": {
            "Type": "string",
            "Description": "Sitecore Domain",
            "DefaultValue": "sitecore"
        },
        "SitecoreUsername": {
            "Type": "string",
            "Description": "Sitecore Admin Username",
            "DefaultValue": ""
        },
        "SitecoreUserPassword": {
            "Type": "string",
            "Description": "Sitecore Admin Password",
            "DefaultValue": ""
        },
        "BraintreeMerchantId": {
            "Type": "string",
            "Description": "Braintree MerchantId",
            "DefaultValue": ""
        },
        "BraintreePublicKey": {
            "Type": "string",
            "Description": "Braintree PublicKey",
            "DefaultValue": ""
        },
        "BraintreePrivateKey": {
            "Type": "string",
            "Description": "Braintree PrivateKey",
            "DefaultValue": ""
        },
        "BraintreeEnvironment": {
            "Type": "string",
            "Description": "Braintree Environment",
            "DefaultValue": ""
        },
        "BizFxSiteName": {
            "Type": "string",
            "Description": "SitecoreBizFx Server name",
            "DefaultValue": ""
        },
        "BizFxPort": {
            "Type": "string",
            "Description": "Sitecore BizFx Server port",
            "DefaultValue": "4200"
        },
        "BizFxPackage": {
            "Type": "string",
            "Description": "Sitecore BizFx Server wdp package full path",
            "DefaultValue": ""
        },
        "IdentityServer:CommerceInstallRoot": {
            "Type": "string",
            "Reference": "CommerceInstallRoot"
        },
        "IdentityServer:SitecoreIdentityServerApplicationName": {
            "Type": "string",
            "Reference": "SitecoreIdentityServerApplicationName"
        },
        "IdentityServer:CommerceServicesHostPostfix": {
            "Type": "string",
            "Reference": "CommerceServicesHostPostfix"
        },
        "IdentityServer:CommerceAuthoringServicesPort": {
            "Type": "string",
            "Reference": "CommerceAuthoringServicesPort"
        },
        "IdentityServer:BizFxPort": {
            "Type": "string",
            "Reference": "BizFxPort"
        },
        "IdentityServer:SiteName": {
            "Type": "string",
            "Reference": "SiteName"
        },
        "IdentityServer:SiteHostHeaderName": {
            "Type": "string",
            "Reference": "SiteHostHeaderName"
        },
        "IdentityServer:CommerceEngineConnectClientId": {
            "Type": "string",
            "Reference": "CommerceEngineConnectClientId"
        },
        "Solr:SolrUrl": {
            "Type": "string",
            "Reference": "SolrUrl"
        },
        "Solr:SolrRoot": {
            "Type": "string",
            "Reference": "SolrRoot"
        },
        "Solr:SolrService": {
            "Type": "string",
            "Reference": "SolrService"
        },
        "Solr:SolrSchemas": {
            "Type": "string",
            "Reference": "SolrSchemas"
        },
        "Solr:SearchIndexPrefix": {
            "Type": "string",
            "Reference": "SearchIndexPrefix"
        },
        "CommerceEngine:SiteHostHeaderName": {
            "Type": "string",
            "Reference": "SiteHostHeaderName"
        },
        "CommerceEngine:SitecoreIdentityServerUrl": {
            "Type": "string",
            "Reference": "SitecoreIdentityServerUrl"
        },
        "CommerceEngine:CommerceEngineConnectClientId": {
            "Type": "string",
            "Reference": "CommerceEngineConnectClientId"
        },
        "CommerceEngine:SolrUrl": {
            "Type": "string",
            "Reference": "SolrUrl"
        },
        "CommerceEngine:SearchIndexPrefix": {
            "Type": "string",
            "Reference": "SearchIndexPrefix"
        },
        "CommerceEngine:StorefrontIndexPrefix": {
            "Type": "string",
            "Reference": "StorefrontIndexPrefix"
        },
        "CommerceEngine:CommerceEngineWdpFullPath": {
            "Type": "string",
            "Reference": "CommerceEngineWdpFullPath"
        },
        "CommerceEngine:CommerceServicesDbServer": {
            "Type": "string",
            "Reference": "CommerceServicesDbServer"
        },
        "CommerceEngine:SitecoreCoreDbName": {
            "Type": "string",
            "Reference": "SitecoreCoreDbName"
        },
        "CommerceEngine:CommerceServicesDbName": {
            "Type": "string",
            "Reference": "CommerceServicesDbName"
        },
        "CommerceEngine:CommerceServicesGlobalDbName": {
            "Type": "string",
            "Reference": "CommerceServicesGlobalDbName"
        },
        "CommerceEngine:CommerceServicesArchiveDbName": {
            "Type": "string",
            "Reference": "CommerceServicesArchiveDbName"
        },
        "CommerceEngine:CommerceServicesPostfix": {
            "Type": "string",
            "Reference": "CommerceServicesPostfix"
        },
        "CommerceEngine:CommerceServicesHostPostfix": {
            "Type": "string",
            "Reference": "CommerceServicesHostPostfix"
        },
        "CommerceEngine:SitecoreDomain": {
            "Type": "string",
            "Reference": "SitecoreDomain"
        },
        "CommerceEngine:SitecoreUsername": {
            "Type": "string",
            "Reference": "SitecoreUsername"
        },
        "CommerceEngine:SitecoreUserPassword": {
            "Type": "string",
            "Reference": "SitecoreUserPassword"
        },
        "CommerceEngine:CommerceShopsServicesPort": {
            "Type": "string",
            "Reference": "CommerceShopsServicesPort"
        },
        "CommerceEngine:CommerceAuthoringServicesPort": {
            "Type": "string",
            "Reference": "CommerceAuthoringServicesPort"
        },
        "CommerceEngine:CommerceMinionsServicesPort": {
            "Type": "string",
            "Reference": "CommerceMinionsServicesPort"
        },
        "CommerceEngine:EnvironmentsPrefix": {
            "Type": "string",
            "Reference": "EnvironmentsPrefix"
        },
        "CommerceEngine:SitecoreDbServer": {
            "Type": "string",
            "Reference": "SitecoreDbServer"
        },
        "CommerceEngine:SqlAdminUser": {
            "Type": "string",
            "Reference": "SqlAdminUser"
        },
        "CommerceEngine:SqlAdminPassword": {
            "Type": "string",
            "Reference": "SqlAdminPassword"
        },
        "CommerceEngine:BizFxPort": {
            "Type": "string",
            "Reference": "BizFxPort"
        },
        "CommerceEngine:UserDomain": {
            "Type": "string",
            "Reference": "UserDomain"
        },
        "CommerceEngine:UserName": {
            "Type": "string",
            "Reference": "UserName"
        },
        "CommerceEngine:UserPassword": {
            "Type": "string",
            "Reference": "UserPassword"
        },
        "CommerceEngine:RedisInstanceName": {
            "Type": "string",
            "Reference": "RedisInstanceName"
        },
        "CommerceEngine:BraintreeMerchantId": {
            "Type": "string",
            "Reference": "BraintreeMerchantId"
        },
        "CommerceEngine:BraintreePublicKey": {
            "Type": "string",
            "Reference": "BraintreePublicKey"
        },
        "CommerceEngine:BraintreePrivateKey": {
            "Type": "string",
            "Reference": "BraintreePrivateKey"
        },
        "CommerceEngine:BraintreeEnvironment": {
            "Type": "string",
            "Reference": "BraintreeEnvironment"
        },
        "CommerceEngine:EnvironmentsGuids": {
            "Type": "string[]",
            "Reference": "EnvironmentsGuids"
        },
        "CommerceEngine:RedisCliPath": {
            "Type": "string",
            "Reference": "RedisCliPath"
        },
        "CommerceEngine:RedisHost": {
            "Type": "string",
            "Reference": "RedisHost"
        },
        "CommerceEngine:RedisPort": {
            "Type": "string",
            "Reference": "RedisPort"
        },
        "BizFx:Port": {
            "Type": "string",
            "Reference": "BizFxPort"
        },
        "BizFx:Package": {
            "Type": "string",
            "Reference": "BizFxPackage"
        },
        "BizFx:SitecoreIdentityServerUrl": {
            "Type": "string",
            "Reference": "SitecoreIdentityServerUrl"
        },
        "BizFx:UserDomain": {
            "Type": "string",
            "Reference": "UserDomain"
        },
        "BizFx:UserName": {
            "Type": "string",
            "Reference": "UserName"
        },
        "BizFx:UserPassword": {
            "Type": "string",
            "Reference": "UserPassword"
        },
        "BizFx:CommerceServicesHostPostfix": {
            "Type": "string",
            "Reference": "CommerceServicesHostPostfix"
        },
        "StoreFront-PreconfigureInstance:SiteName": {
            "Type": "string",
            "Reference": "SiteName"
        },
        "StoreFront-PreconfigureInstance:SiteHostHeaderName": {
            "Type": "string",
            "Reference": "SiteHostHeaderName"
        },
        "StoreFront-PreconfigureInstance:InstallDir": {
            "Type": "string",
            "Reference": "InstallDir"
        },
        "StoreFront-PreconfigureInstance:SiteUtilitiesSrc": {
            "Type": "string",
            "Reference": "SiteUtilitiesSrc"
        },
        "Module-HabitatImages:SiteName": {
            "Type": "string",
            "Reference": "SiteName"
        },
        "Module-HabitatImages:SqlDbPrefix": {
            "Type": "string",
            "Reference": "SqlDbPrefix"
        },
        "Module-HabitatImages:SqlAdminUser": {
            "Type": "string",
            "Reference": "SqlAdminUser"
        },
        "Module-HabitatImages:SqlAdminPassword": {
            "Type": "string",
            "Reference": "SqlAdminPassword"
        },
        "Module-AdventureWorksImages:SiteName": {
            "Type": "string",
            "Reference": "SiteName"
        },
        "Module-AdventureWorksImages:SqlDbPrefix": {
            "Type": "string",
            "Reference": "SqlDbPrefix"
        },
        "Module-AdventureWorksImages:SqlAdminUser": {
            "Type": "string",
            "Reference": "SqlAdminUser"
        },
        "Module-AdventureWorksImages:SqlAdminPassword": {
            "Type": "string",
            "Reference": "SqlAdminPassword"
        },
        "Module-CommerceConnect:SiteName": {
            "Type": "string",
            "Reference": "SiteName"
        },
        "Module-CommerceConnect:SqlDbPrefix": {
            "Type": "string",
            "Reference": "SqlDbPrefix"
        },
        "Module-CommerceConnect:SqlAdminUser": {
            "Type": "string",
            "Reference": "SqlAdminUser"
        },
        "Module-CommerceConnect:SqlAdminPassword": {
            "Type": "string",
            "Reference": "SqlAdminPassword"
        },
        "Module-CommercexProfiles:SiteName": {
            "Type": "string",
            "Reference": "SiteName"
        },
        "Module-CommercexProfiles:SqlDbPrefix": {
            "Type": "string",
            "Reference": "SqlDbPrefix"
        },
        "Module-CommercexProfiles:SqlAdminUser": {
            "Type": "string",
            "Reference": "SqlAdminUser"
        },
        "Module-CommercexProfiles:SqlAdminPassword": {
            "Type": "string",
            "Reference": "SqlAdminPassword"
        },
        "Module-CommercexAnalytics:SiteName": {
            "Type": "string",
            "Reference": "SiteName"
        },
        "Module-CommercexAnalytics:SqlDbPrefix": {
            "Type": "string",
            "Reference": "SqlDbPrefix"
        },
        "Module-CommercexAnalytics:SqlAdminUser": {
            "Type": "string",
            "Reference": "SqlAdminUser"
        },
        "Module-CommercexAnalytics:SqlAdminPassword": {
            "Type": "string",
            "Reference": "SqlAdminPassword"
        },
        "CopyConnectModels:InstallDir": {
            "Type": "string",
            "Reference": "InstallDir"
        },
        "CopyConnectModels:XConnectInstallDir": {
            "Type": "string",
            "Reference": "XConnectInstallDir"
        },
        "Module-CommerceMarketingAutomation:SiteName": {
            "Type": "string",
            "Reference": "SiteName"
        },
        "Module-CommerceMarketingAutomation:SqlDbPrefix": {
            "Type": "string",
            "Reference": "SqlDbPrefix"
        },
        "Module-CommerceMarketingAutomation:SqlAdminUser": {
            "Type": "string",
            "Reference": "SqlAdminUser"
        },
        "Module-CommerceMarketingAutomation:SqlAdminPassword": {
            "Type": "string",
            "Reference": "SqlAdminPassword"
        },
        "Module-CommerceMarketingAutomation-Post:XConnectInstallDir": {
            "Type": "string",
            "Reference": "XConnectInstallDir"
        },
        "Module-CommerceMarketingAutomation-Post:MAEnginePrefix": {
            "Type": "string",
            "Reference": "MAEnginePrefix"
        },
        "Module-CEConnect:SiteName": {
            "Type": "string",
            "Reference": "SiteName"
        },
        "Module-CEConnect:SqlDbPrefix": {
            "Type": "string",
            "Reference": "SqlDbPrefix"
        },
        "Module-CEConnect:SqlAdminUser": {
            "Type": "string",
            "Reference": "SqlAdminUser"
        },
        "Module-CEConnect:SqlAdminPassword": {
            "Type": "string",
            "Reference": "SqlAdminPassword"
        },
        "CEConnect-UsersAndRoles:SitecoreDbServer": {
            "Type": "string",
            "Reference": "SitecoreDbServer"
        },
        "CEConnect-UsersAndRoles:SitecoreCoreDbName": {
            "Type": "string",
            "Reference": "SitecoreCoreDbName"
        },
        "CEConnect-UsersAndRoles:SqlAdminUser": {
            "Type": "string",
            "Reference": "SqlAdminUser"
        },
        "CEConnect-UsersAndRoles:SqlAdminPassword": {
            "Type": "string",
            "Reference": "SqlAdminPassword"
        },
        "SXAStorefront:SXACommerceWdpFullPath": {
            "Type": "string",
            "Reference": "SXACommerceWdpFullPath"
        },
        "SXAStorefront:SXAStorefrontWdpFullPath": {
            "Type": "string",
            "Reference": "SXAStorefrontWdpFullPath"
        },
        "SXAStorefront:SXAStorefrontThemeWdpFullPath": {
            "Type": "string",
            "Reference": "SXAStorefrontThemeWdpFullPath"
        },
        "SXAStorefront:SXAStorefrontCatalogWdpFullPath": {
            "Type": "string",
            "Reference": "SXAStorefrontCatalogWdpFullPath"
        },
        "SXAStorefront:MergeToolFullPath": {
            "Type": "string",
            "Reference": "MergeToolFullPath"
        },
        "SXAStorefront:SqlAdminUser": {
            "Type": "string",
            "Reference": "SqlAdminUser"
        },
        "SXAStorefront:SqlAdminPassword": {
            "Type": "string",
            "Reference": "SqlAdminPassword"
        },
        "SXAStorefront:SitecoreDbServer": {
            "Type": "string",
            "Reference": "SitecoreDbServer"
        },
        "SXAStorefront:SqlDbPrefix": {
            "Type": "string",
            "Reference": "SqlDbPrefix"
        },
        "SXAStorefront:SiteName": {
            "Type": "string",
            "Reference": "SiteName"
        },
        "SXAStorefront:InstallDir": {
            "Type": "string",
            "Reference": "InstallDir"
        },
        "SXAStorefront:SkipTask": {
            "Type": "bool",
            "Reference": "SkipDeployStorefrontPackages"
        },
        "CEConnect-InitializeCommerce:CommerceInstallRoot": {
            "Type": "string",
            "Reference": "CommerceInstallRoot"
        },
        "CEConnect-InitializeCommerce:CommerceServicesPostfix": {
            "Type": "string",
            "Reference": "CommerceServicesPostfix"
        },
        "CEConnect-InitializeCommerce:CommerceServicesHostPostfix": {
            "Type": "string",
            "Reference": "CommerceServicesHostPostfix"
        },
        "CEConnect-InitializeCommerce:CommerceAuthoringServicesPort": {
            "Type": "string",
            "Reference": "CommerceAuthoringServicesPort"
        },
        "CEConnect-InitializeCommerce:CommerceMinionsServicesPort": {
            "Type": "string",
            "Reference": "CommerceMinionsServicesPort"
        },
        "CEConnect-InitializeCommerce:SitecoreIdentityServerUrl": {
            "Type": "string",
            "Reference": "SitecoreIdentityServerUrl"
        },
        "CEConnect-InitializeCommerce:CommerceEngineConnectClientId": {
            "Type": "string",
            "Reference": "CommerceEngineConnectClientId"
        },
        "CEConnect-InitializeCommerce:RedisHost": {
            "Type": "string",
            "Reference": "RedisHost"
        },
        "CEConnect-InitializeCommerce:RedisPort": {
            "Type": "string",
            "Reference": "RedisPort"
        },
        "CommerceEngine-Initialize:SitecoreIdentityServerUrl": {
            "Type": "string",
            "Reference": "SitecoreIdentityServerUrl"
        },
        "CommerceEngine-Initialize:CommerceEngineConnectClientId": {
            "Type": "string",
            "Reference": "CommerceEngineConnectClientId"
        },
        "CommerceEngine-Initialize:CommerceInstallRoot": {
            "Type": "string",
            "Reference": "CommerceInstallRoot"
        },
        "CommerceEngine-Initialize:CommerceShopsServicesPort": {
            "Type": "string",
            "Reference": "CommerceShopsServicesPort"
        },
        "CommerceEngine-Initialize:Environments": {
            "Type": "string",
            "Reference": "Environments"
        },
        "CommerceEngine-Initialize:DeploySampleData": {
            "Type": "bool",
            "Reference": "DeploySampleData"
        },
        "CommerceEngine-Initialize:MinionEnvironments": {
            "Type": "string[]",
            "Reference": "MinionEnvironments"
        },
        "CommerceEngine-Initialize:CommerceServicesPostfix": {
            "Type": "string",
            "Reference": "CommerceServicesPostfix"
        },
        "CommerceEngine-Initialize:CommerceServicesHostPostfix": {
            "Type": "string",
            "Reference": "CommerceServicesHostPostfix"
        },
        "CEConnect-GenerateCatalogTemplates:SiteName": {
            "Type": "string",
            "Reference": "SiteName"
        },
        "SXAStorefront-CreateDefaultTenantAndSite:SiteName": {
            "Type": "string",
            "Reference": "SiteName"
        },
        "SXAStorefront-CreateDefaultTenantAndSite:SitecoreUserPassword": {
            "Type": "string",
            "Reference": "SitecoreUserPassword"
        },
        "SXAStorefront-CreateDefaultTenantAndSite:SkipInstallDefaultStorefront": {
            "Type": "bool",
            "Reference": "SkipInstallDefaultStorefront"
        },
        "SXAStorefront-EnableSearch:InstallDir": {
            "Type": "string",
            "Reference": "InstallDir"
        },
        "RemoveSiteUtilityFolder:InstallDir": {
            "Type": "string",
            "Reference": "InstallDir"
        }
    },
    "Variables": {
        "Site.RootUrl": "[concat('http://', parameter('SiteHostHeaderName'))]",
        "SitecoreCore.DbName": "[concat(parameter('SqlDbPrefix'), '_Core')]",
        "EngineConnect.IncludeDir": "[concat(parameter('InstallDir'), '\\App_Config\\Include\\Y.Commerce.Engine')]",
        "CommerceServicesHostPostfix.Not.Empty": "[not(equal(parameter('CommerceServicesHostPostfix'), ''))]",
        "EngineBizFxBindingHostName": "[concat('https://bizfx.', parameter('CommerceServicesHostPostfix'))]",
        "EngineBizFxBindingLocalhost": "[concat('https://localhost:', parameter('BizFxPort'))]",
        "Engine.BizFxUrl": "[if(variable('CommerceServicesHostPostfix.Not.Empty'), variable('EngineBizFxBindingHostName'), variable('EngineBizFxBindingLocalhost'))]",
        "EngineShopsBindingHostName": "[concat('https://commerceshops.', parameter('CommerceServicesHostPostfix'))]",
        "EngineShopsBindingLocalhost": "[concat('https://localhost:', parameter('CommerceShopsServicesPort'))]",
        "Engine.ShopsUrl": "[if(variable('CommerceServicesHostPostfix.Not.Empty'), variable('EngineShopsBindingHostName'), variable('EngineShopsBindingLocalhost'))]",
        "EngineAuthoringBindingHostName": "[concat('https://commerceauthoring.', parameter('CommerceServicesHostPostfix'))]",
        "EngineAuthoringBindingLocalhost": "[concat('https://localhost:', parameter('CommerceAuthoringServicesPort'))]",
        "Engine.AuthoringUrl": "[if(variable('CommerceServicesHostPostfix.Not.Empty'), variable('EngineAuthoringBindingHostName'), variable('EngineAuthoringBindingLocalhost'))]",
        "EngineMinionsBindingHostName": "[concat('https://commerceminions.', parameter('CommerceServicesHostPostfix'))]",
        "EngineMinionsBindingLocalhost": "[concat('https://localhost:', parameter('CommerceMinionsServicesPort'))]",
        "Engine.MinionsUrl": "[if(variable('CommerceServicesHostPostfix.Not.Empty'), variable('EngineMinionsBindingHostName'), variable('EngineMinionsBindingLocalhost'))]",
        "SitecoreAdminName": "[concat(parameter('SitecoreDomain'), concat('\\', parameter('SitecoreUsername')))]",
        "BizFx:Site.Name": "[parameter('BizFxSiteName')]",
        "BizFx:Host.Prefix": "bizfx",
        "BizFx:Engine.BizFxUrl": "[variable('Engine.BizFxUrl')]",
        "BizFx:Engine.AuthoringUrl": "[variable('Engine.AuthoringUrl')]",
        "CommerceEngine:Engine.AuthoringUrl": "",
        "CommerceEngine:Engine.ShopsUrl": "",
        "CommerceEngine:Engine.MinionsUrl": "",
        "Modules.DirDst": "[concat(parameter('InstallDir'), '\\App_Data\\packages')]",
        "Modules.BaseUrl": "[concat(variable('Site.RootUrl'), '/SiteUtilityPages')]",
        "Module-DirDst-EnsurePath:Full.Path": "[variable('Modules.DirDst')]",
        "Module-HabitatImages:Package.Path": "[parameter('HabitatImagesWdpFullPath')]",
        "Module-HabitatImages:Sql.Server": "[parameter('SitecoreDbServer')]",
        "Module-HabitatImages:Sql.Module.Database": "master",
        "Module-AdventureWorksImages:Package.Path": "[parameter('AdventureWorksImagesWdpFullPath')]",
        "Module-AdventureWorksImages:Sql.Server": "[parameter('SitecoreDbServer')]",
        "Module-AdventureWorksImages:Sql.Module.Database": "master",
        "Module-CommerceConnect:Package.Path": "[parameter('CommerceConnectWdpFullPath')]",
        "Module-CommerceConnect:Sql.Server": "[parameter('SitecoreDbServer')]",
        "Module-CommerceConnect:Sql.Module.Database": "mastercore",
        "Module-CommercexProfiles:Package.Path": "[parameter('CommercexProfilesWdpFullPath')]",
        "Module-CommercexProfiles:Sql.Server": "[parameter('SitecoreDbServer')]",
        "Module-CommercexProfiles:Sql.Module.Database": "core",
        "Module-CommercexAnalytics:Package.Path": "[parameter('CommercexAnalyticsWdpFullPath')]",
        "Module-CommercexAnalytics:Sql.Server": "[parameter('SitecoreDbServer')]",
        "Module-CommercexAnalytics:Sql.Module.Database": "mastercore",
        "Module-CommerceMarketingAutomation:Package.Path": "[parameter('CommerceMAWdpFullPath')]",
        "Module-CommerceMarketingAutomation:Sql.Server": "[parameter('SitecoreDbServer')]",
        "Module-CommerceMarketingAutomation:Sql.Module.Database": "master",
        "Module-CommerceMarketingAutomation-Post:Automation.EngineModule": "[parameter('CommerceMAForAutomationEngineZIPFullPath')]",
        "Module-CEConnect:Package.Path": "[parameter('CEConnectWdpFullPath')]",
        "Module-CEConnect:Sql.Server": "[parameter('SitecoreDbServer')]",
        "Module-CEConnect:Sql.Module.Database": "mastercore",
        "CEConnect-InitializeCommerce:EngineConnect.IncludeDir": "[variable('EngineConnect.IncludeDir')]",
        "CommerceEngine-Initialize:Engine.MinionsUrl": "[variable('Engine.MinionsUrl')]",
        "CommerceEngine-Initialize:Engine.AuthoringUrl": "[variable('Engine.AuthoringUrl')]",
        "CommerceEngine-Initialize:SitecoreIdentityServer.GetTokenUrl": "[concat(variable('SitecoreIdentityServerUrl'), '/connect/token')]",
        "CommerceEngine-Initialize:Sitecore.AdminAccount": {
        "UserName": "[variable('SitecoreAdminName')]",
        "Password": "[parameter('SitecoreUserPassword')]"
    },
        "CEConnect-EnableDataProvider:Config.Dir": "[variable('EngineConnect.IncludeDir')]",
        "CEConnect-GenerateCatalogTemplates:Base.Url": "[concat(variable('Modules.BaseUrl'), '/GenerateCatalogTemplates.aspx')]",
        "SXAStorefront-CreateDefaultTenantAndSite:Site.RootUrl": "[variable('Site.RootUrl')]",
        "SXAStorefront-CreateDefaultTenantAndSite:Sitecore.Username": "[variable('SitecoreAdminName')]",
        "SXAStorefront-CreateDefaultTenantAndSite:Project.ConfigIncludeDir": "[concat(parameter('InstallDir'), '\\App_Config\\Include\\Z.Foundation.Overrides')]",
        "Publish-Commerce:Base.Url": "[variable('Modules.BaseUrl')]",
        "CEConnect-EnableIndexing:Config.Dir": "[variable('EngineConnect.IncludeDir')]",
        "RebuildIndexes:Base.Url": "[variable('Modules.BaseUrl')]",
        "RebuildDescendants:Base.Url": "[variable('Modules.BaseUrl')]",
        "Test.Client.Secret": "[equal(parameter('CommerceEngineConnectClientSecret'),'')]",
        "Generate.Client.Secret": "[randomstring(Length:100,DisAllowSpecial:True)]",
        "Client.Secret" : "[if(variable('Test.Client.Secret'),variable('Generate.Client.Secret'),parameter('CommerceEngineConnectClientSecret'))]",
        "CEConnect-InitializeCommerce:CE.ClientSecret": "[variable('Client.Secret')]",
        "IdentityServer:CE.ClientSecret": "[variable('Client.Secret')]"
    },
    "Includes": {
        "IdentityServer": {
            "Source": ".\\Configuration\\Commerce\\IdentityServer\\IdentityServer.Config.json"
        },
        "Solr": {
            "Source": ".\\Configuration\\Commerce\\Solr\\Solr.Install.json"
        },
        "CommerceEngine": {
            "Source": ".\\Configuration\\Commerce\\CommerceEngine\\CommerceEngine.json"
        },
        "BizFx": {
            "Source": ".\\Configuration\\Commerce\\SitecoreBizFx\\SitecoreBizFx.Install.json"
        },
        "StoreFront-PreconfigureInstance": {
            "Source": ".\\Configuration\\Commerce\\SXAStorefront\\SXAStorefront.Preconfigure.json"
        },
        "Module-DirDst-EnsurePath": {
            "Source": ".\\Configuration\\Commerce\\Common\\Common.EnsurePath.json"
        },
        "Module-HabitatImages": {
            "Source": ".\\Configuration\\Commerce\\Common\\Common.InstallWdpModule.json"
        },
        "Module-AdventureWorksImages": {
            "Source": ".\\Configuration\\Commerce\\Common\\Common.InstallWdpModule.json"
        },
        "Module-CommerceConnect": {
            "Source": ".\\Configuration\\Commerce\\Common\\Common.InstallWdpModuleNoDB.json"
        },
        "Module-CommercexProfiles": {
            "Source": ".\\Configuration\\Commerce\\Common\\Common.InstallWdpModuleNoDB.json"
        },
        "Module-CommercexAnalytics": {
            "Source": ".\\Configuration\\Commerce\\Common\\Common.InstallWdpModuleNoDB.json"
        },
        "CopyConnectModels": {
            "Source": ".\\Configuration\\Commerce\\Connect\\Connect.CopyModels.json"
        },
        "Module-CommerceMarketingAutomation": {
            "Source": ".\\Configuration\\Commerce\\Common\\Common.InstallWdpModuleNoDB.json"
        },
        "Module-CommerceMarketingAutomation-Post": {
            "Source": ".\\Configuration\\Commerce\\Connect\\Connect.MarketingAutomationPost.json"
        },
        "Module-CEConnect": {
            "Source": ".\\Configuration\\Commerce\\Common\\Common.InstallWdpModuleNoDB.json"
        },
        "CEConnect-UsersAndRoles": {
            "Source": ".\\Configuration\\Commerce\\CEConnect\\CEConnect.UsersAndRoles.json"
        },
        "SXAStorefront": {
            "Source": ".\\Configuration\\Commerce\\SXAStorefront\\SXAStorefront.Storefront.json"
        },
        "CEConnect-InitializeCommerce": {
            "Source": ".\\Configuration\\Commerce\\CEConnect\\CEConnect.InitializeCommerce.json"
        },
        "CommerceEngine-Initialize": {
            "Source": ".\\Configuration\\Commerce\\CommerceEngine\\CommerceEngine.Initialize.json"
        },
        "CEConnect-EnableDataProvider": {
            "Source": ".\\Configuration\\Commerce\\CEConnect\\CEConnect.EnableDataProvider.json"
        },
        "CEConnect-GenerateCatalogTemplates": {
            "Source": ".\\Configuration\\Commerce\\CEConnect\\CEConnect.GenerateCatalogTemplates.json"
        },
        "SXAStorefront-CreateDefaultTenantAndSite": {
            "Source": ".\\Configuration\\Commerce\\SXAStorefront\\SXAStorefront.CreateDefaultTenantAndSite.json"
        },
        "Publish-Commerce": {
            "Source": ".\\Configuration\\Commerce\\Common\\Common.PublishToWeb.json"
        },
        "SXAStorefront-EnableSearch": {
            "Source": ".\\Configuration\\Commerce\\SXAStorefront\\SXAStorefront.EnableSearch.json"
        },
        "CEConnect-EnableIndexing": {
            "Source": ".\\Configuration\\Commerce\\CEConnect\\CEConnect.EnableIndexing.json"
        },
        "RebuildIndexes": {
            "Source": ".\\Configuration\\Commerce\\Common\\Common.RebuildIndexes.json"
        },
        "RebuildDescendants": {
            "Source": ".\\Configuration\\Commerce\\Common\\Common.RebuildDescendants.json"
        },
        "RemoveSiteUtilityFolder": {
            "Source": ".\\Configuration\\Commerce\\Common\\Common.RemoveSiteUtilityFolder.json"
        }
    }
}
