<?xml version="1.0" encoding="utf-8" ?>
<Settings>
  <Sitecore>
    <IdentityServer>
      <Clients>
        <CommerceClient>
          <ClientId>CommerceBusinessTools</ClientId>
          <ClientName>CommerceBusinessTools</ClientName>
          <AccessTokenType>0</AccessTokenType>
          <AllowOfflineAccess>true</AllowOfflineAccess>
          <AlwaysIncludeUserClaimsInIdToken>false</AlwaysIncludeUserClaimsInIdToken>
          <AccessTokenLifetimeInSeconds>3600</AccessTokenLifetimeInSeconds>
          <IdentityTokenLifetimeInSeconds>3600</IdentityTokenLifetimeInSeconds>
          <AllowAccessTokensViaBrowser>true</AllowAccessTokensViaBrowser>
          <RequireConsent>false</RequireConsent>
          <RequireClientSecret>false</RequireClientSecret>
          <AllowedGrantTypes>
            <AllowedGrantType1>implicit</AllowedGrantType1>
          </AllowedGrantTypes>
          <RedirectUris>
            <RedirectUri1>{AllowedCorsOrigin}</RedirectUri1>
          </RedirectUris>
          <PostLogoutRedirectUris>
            <PostLogoutRedirectUri1>{AllowedCorsOrigin}</PostLogoutRedirectUri1>
          </PostLogoutRedirectUris>
          <AllowedCorsOrigins>
            <AllowedCorsOriginsGroup1></AllowedCorsOriginsGroup1>
          </AllowedCorsOrigins>
          <AllowedScopes>
            <AllowedScope1>openid</AllowedScope1>
            <AllowedScope2>dataEventRecords</AllowedScope2>
            <AllowedScope3>dataeventrecordsscope</AllowedScope3>
            <AllowedScope4>securedFiles</AllowedScope4>
            <AllowedScope5>securedfilesscope</AllowedScope5>
            <AllowedScope6>role</AllowedScope6>
            <AllowedScope7>EngineAPI</AllowedScope7>
          </AllowedScopes>
          <UpdateAccessTokenClaimsOnRefresh>true</UpdateAccessTokenClaimsOnRefresh>
        </CommerceClient>
        <CommerceEngineConnectClient>
          <ClientId>CommerceEngineConnect</ClientId>
          <ClientName>CommerceEngineConnect</ClientName>
          <AccessTokenType>0</AccessTokenType>
          <AllowOfflineAccess>true</AllowOfflineAccess>
          <AlwaysIncludeUserClaimsInIdToken>false</AlwaysIncludeUserClaimsInIdToken>
          <AccessTokenLifetimeInSeconds>3600</AccessTokenLifetimeInSeconds>
          <IdentityTokenLifetimeInSeconds>3600</IdentityTokenLifetimeInSeconds>
          <AllowAccessTokensViaBrowser>true</AllowAccessTokensViaBrowser>
          <RequireConsent>false</RequireConsent>
          <RequireClientSecret>true</RequireClientSecret>
          <AllowedGrantTypes>
            <AllowedGrantType1>client_credentials</AllowedGrantType1>
          </AllowedGrantTypes>
          <RedirectUris>
            <RedirectUri1>{AllowedCorsOrigin}/oauth2/callback</RedirectUri1>
          </RedirectUris>
          <PostLogoutRedirectUris>
            <PostLogoutRedirectUri1>{AllowedCorsOrigin}</PostLogoutRedirectUri1>
          </PostLogoutRedirectUris>
          <AllowedCorsOrigins>
            <AllowedCorsOriginsGroup1></AllowedCorsOriginsGroup1>
          </AllowedCorsOrigins>
          <AllowedScopes>
            <AllowedScope1>openid</AllowedScope1>
            <AllowedScope2>sitecore.profile</AllowedScope2>
            <AllowedScope3>sitecore.profile.api</AllowedScope3>
            <AllowedScope4>EngineAPI</AllowedScope4>
          </AllowedScopes>
          <UpdateAccessTokenClaimsOnRefresh>true</UpdateAccessTokenClaimsOnRefresh>
          <ClientSecrets>
            <ClientSecret1>K7gNU3sdo+OL0wNhqoVWhr3g6s1xYv72ol/pe/Unols=</ClientSecret1>
          </ClientSecrets>
        </CommerceEngineConnectClient>
        <PostmanClient>
          <ClientId>postman-api</ClientId>
          <ClientName>Postman API</ClientName>
          <AccessTokenType>0</AccessTokenType>
          <AllowOfflineAccess>true</AllowOfflineAccess>
          <AlwaysIncludeUserClaimsInIdToken>false</AlwaysIncludeUserClaimsInIdToken>
          <AccessTokenLifetimeInSeconds>3600</AccessTokenLifetimeInSeconds>
          <IdentityTokenLifetimeInSeconds>3600</IdentityTokenLifetimeInSeconds>
          <AllowAccessTokensViaBrowser>true</AllowAccessTokensViaBrowser>
          <RequireConsent>false</RequireConsent>
          <RequireClientSecret>false</RequireClientSecret>
          <AllowedGrantTypes>
            <AllowedGrantType1>password</AllowedGrantType1>
          </AllowedGrantTypes>
          <RedirectUris>
            <RedirectUri1>{AllowedCorsOrigin}/oauth2/callback</RedirectUri1>
          </RedirectUris>
          <PostLogoutRedirectUris>
            <PostLogoutRedirectUri1>{AllowedCorsOrigin}</PostLogoutRedirectUri1>
          </PostLogoutRedirectUris>
          <AllowedCorsOrigins>
            <AllowedCorsOrigins1>https://www.getpostman.com</AllowedCorsOrigins1>
          </AllowedCorsOrigins>
          <AllowedScopes>
            <AllowedScope1>openid</AllowedScope1>
            <AllowedScope2>EngineAPI</AllowedScope2>
            <AllowedScope3>postman_api</AllowedScope3>
          </AllowedScopes>
          <UpdateAccessTokenClaimsOnRefresh>true</UpdateAccessTokenClaimsOnRefresh>
        </PostmanClient>
      </Clients>
      <ApiScopes>
        <EngineApiScope>
          <Name>EngineAPI</Name>
          <DisplayName>Commerce Engine API</DisplayName>
        </EngineApiScope>
        <PostmanApiScope>
          <Name>postman_api</Name>
          <DisplayName>Postman API</DisplayName>
        </PostmanApiScope>
      </ApiScopes>
      <ApiResources>
        <EngineApiResource>
          <Name>EngineAPI</Name>
          <DisplayName>Engine API</DisplayName>
          <ApiSecrets>
            <ApiSecret1>secret</ApiSecret1>
          </ApiSecrets>
          <UserClaims>
            <UserClaim1>name</UserClaim1>
            <UserClaim2>email</UserClaim2>
            <UserClaim3>role</UserClaim3>
          </UserClaims>
          <Scopes>
            <Scope1>EngineAPI</Scope1>
          </Scopes>
        </EngineApiResource>
        <PostmanApiResource>
          <Name>postman_api</Name>
          <DisplayName>Postman API</DisplayName>
          <ApiSecrets>
            <ApiSecret1>secret</ApiSecret1>
          </ApiSecrets>
          <UserClaims>
            <UserClaim1>name</UserClaim1>
            <UserClaim2>email</UserClaim2>
            <UserClaim3>role</UserClaim3>
          </UserClaims>
          <Scopes>
            <Scope1>postman_api</Scope1>
          </Scopes>
        </PostmanApiResource>
      </ApiResources>
    </IdentityServer>
  </Sitecore>
</Settings>
